French,English
de,of
je,I
est,East
pas,not
le,THE
que,that
la,there
vous,YOU
tu,you
un,A
c',vs'
à,To
et,And
il,he
a,To
l',I'
ne,born
les,THE
j',I
en,in
on,we
ça,That
une,a
d',d '
ce,This
qu',that
pour,For
ai,have
n',not'
des,of the
qui,Who
mais,but
dans,In
nous,We
elle,She
me,me
bien,GOOD
si,whether
du,of
y,Y
suis,am
non,No
t',t '
avec,with
tout,All
plus,more
mon,My
m',M '
te,you
au,At
fait,do
moi,Me
s',s'
oui,Yes
va,goes
était,was
as,AS
faire,TO DO
ils,they
sur,on
quoi,What
se,se
comme,as
sais,know
être,be
veux,want
ici,here
ma,my
toi,You
est-ce,is it
dit,said
lui,him
votre,your
es,es
pourquoi,Why
où,Or
là,there
rien,Nothing
cette,this
sont,are
quand,When
peux,can
dire,say
son,her
avez,have
vais,go
alors,SO
ton,your
comment,how
par,by
ou,Or
chose,thing
bon,Good
ont,have
merci,THANKS
juste,just
très,very
jamais,Never
été,summer
aussi,Also
avoir,to have
vraiment,Really
voir,see
même,even
sa,her
oh,Oh
maintenant,NOW
tous,all
peut,can
deux,two
ces,these
êtes,are
allez,Go on
ta,your
autre,other
peu,little
temps,time
quelque,some
fais,do 
toujours,always
encore,Again
notre,OUR
mes,my
besoin,need
avait,had
accord,OK
faut,have to
dois,must
vie,life
peut-être,maybe
aller,go
fois,time
vu,seen
donc,SO
sans,without
monde,world
étais,is
parce,because
avant,Before
sûr,on
trop,too
quelqu',someone
parler,talk
personne,person
avais,had
père,father
crois,believe
après,After
aux,to
dieu,God
ouais,Yeah
ses,his
pense,think
eu,eu
aime,like
leur,their
homme,male
viens,come
vrai,TRUE
femme,women
ok,OK
doit,must
veut,wanna
ans,years
m.,m.
mal,evil
chez,at the house of
déjà,Already
depuis,Since
beaucoup,a lot
vos,your
bonne,Good
mort,dead
mieux,better
vas,go
mère,mother
sera,will be
dis,say
fille,daughter
tes,your 
gens,folks
quel,what
vois,see 
désolé,Sorry
ca,That
voilà,There
avons,have
petit,little
maison,House
soit,either
cela,that
autres,others
toute,all
soir,evening
passé,pass
prendre,take
jour,day
monsieur,Sir
nos,our
savoir,know
choses,things
salut,Hi
cet,this
nom,name
argent,money
bonjour,Good morning
nuit,night
raison,raison
moins,less
arrive,arrived
maman,Mom
reste,stay
moment,moment
voulais,wanted
seul,only
aider,help
air,air
entre,between
papa,dad
passe,pass
aurais,would have
problème,issue
ah,ah
peur,fear
regarde,look at
voulez,want
gars,guys
trouvé,find
fils,son
attends,hold on
savez,know
jusqu',up to
trouver,find
trois,three
assez,enough
famille,family
dû,of
eh,eh
toutes,all
plaît,jail
pourrait,could
travail,work
pris,taken
pu,could
tête,head
quelle,what
sait,knows
sommes,are
appelle,call
quelques,some
faites,done
partir,leave
vite,fast
arrête,stopped
seule,only
serait,would be
voiture,car
enfants,children
tuer,kill
merde,shit
hé,Hey
pendant,during
idée,idea
chance,chance
parle,speak
aurait,would have
part,go
elles,they
jours,days
grand,big
aujourd'hui,Today
venir,come
ami,friend
demain,tomorrow
hein,eh
tard,late
puis,Then
truc,thing
passer,pass
petite,small
tant,so much
connais,know
combien,How much
mec,dude
sens,sense
pouvez,can
porte,door
sortir,to go out
super,great
heure,hour
contre,against
coup,cut
comprends,understand
entendu,heard
vient,come
allons,lets go
ensemble,together
nouveau,new
amour,love
importe,imported
sang,blood
désolée,Sorry
cas,case
sous,below
rester,stay
amis,friends
prends,take
fini,finished
hommes,men
tué,kill
question,question
partie,part
histoire,history
devrais,should
aide,aid
dernière,last
demande,asked
chercher,seek
pensais,thought
genre,gender
seulement,only
police,police
car,because
mois,month
frère,brother
laisser,let
aucun,none
mettre,put
eux,them
laisse,leave alone
chaque,each
ville,city
arrivé,arrived
devrait,should
parlé,speak
avez-vous,have you got
vont,are going
longtemps,a long time
aucune,none
heures,hours
bébé,Babe
place,place
revoir,see again
putain,whore
compris,Understood
ni,neither
savais,knew
leurs,their
étaient,were
attention,attention
donner,give
affaire,affair
endroit,place
pourrais,could
corps,body
façon,way
donné,given
est-il,is it
voici,here is
train,train
dont,of which
écoute,listen
yeux,eyes
trouve,find
pouvoir,power
type,kind
perdu,lost
premier,first
première,first
côté,coast
point,point
tellement,such
main,hand
tiens,take
sois,be
enfant,child
vieux,old
matin,Morning
venu,came
pardon,pardon
là-bas,over there
suite,following
vers,towards
minutes,minutes
demandé,asked
venez,come
devant,before
dr,DR
enfin,Finally
arrêter,Stop
cause,cause
nouvelle,new
attendez,wait
chambre,bedroom
droit,right
parti,left
mis,put
eau,water
compte,account
dirait,would say
terre,earth
belle,beautiful
espère,hope
aimerais,would like to
loin,far
as-tu,Do you have
mari,husband
donne,given
fin,END
croire,believe
mme,mrs
aura,will have
gros,fat
boulot,gig
plutôt,instead
chérie,Dear
prêt,ready
filles,girls
bureau,desk
mourir,die
hier,yesterday
possible,possible
jouer,play
demander,ask
celui,that's why I wrote to you
voulait,wanted to
beau,beautiful
jeune,young
euh,uh
dehors,out
docteur,doctor
a-t-il,does he have
confiance,trust
appeler,to call
années,years
vérité,truth
école,school
chef,chief
femmes,women
propos,about
semaine,week
vivre,live
regardez,look
feu,fire
journée,daytime
madame,Mrs
hey,hey
téléphone,phone
près,close
affaires,business
meilleur,best
devez,have to
dessus,above
mains,hands
penses,thinking
prie,pray
équipe,crew
vas-y,go ahead
grande,big
manger,eat
arriver,arrive
dur,hard
guerre,war
ait,has
appelé,called
marche,market
sécurité,security
garçon,boy
essaie,try
important,important
dites,say
exactement,Exactly
font,make
fort,strong
presque,almost
plein,full
derrière,behind
ben,ben
mariage,marriage
parents,parents
capitaine,captain
dernier,last
fou,mad
ceux,those
tomber,to fall
attendre,to wait for
vue,seen
pensé,think
souviens,remember
envie,urge
fête,party
jeu,game
génial,awesome
pays,country
garde,guard
cours,course
bientôt,Soon
ii,II
numéro,number
personnes,people
cinq,five
parfait,Perfect
excusez-moi,excuse me
laissé,leave alone
ainsi,Thus
retour,feedback
semble,seems
autant,as much
peine,sadness
minute,minute
essayé,tried
plan,plan
instant,moment
serai,will be
prison,prison
penser,think
essayer,to try
prend,take
arme,armed
mauvais,bad
mot,word
travailler,to work
quatre,four
rentrer,to return
regarder,look
choix,choice
êtes-vous,are you
parfois,Sometimes
film,movie
abord,on board
voyez,see
faute,mistake
facile,easy
croyais,believed
bas,down
changer,to change
entendre,hear
plaisir,pleasure
heureux,happy
entrer,enter
voudrais,would like
es-tu,are you
propre,own
étiez,have been
tour,round
fera,will
ensuite,Next
garder,keep
agent,agent
allait,was going to
lit,bed
travaille,work
adore,adore
amie,friend
rendre,render
allons-y,Let's go there
route,road
lieu,place
année,year
voit,sees
commence,begin
service,service
devoir,duty
attend,waits
drôle,funny
difficile,difficult
sûre,safe
pire,worse 
pos,pos
peuvent,can
sujet,subject
état,state
ceci,this
impossible,impossible
sorte,sort
perdre,lose
dollars,dollars
voulu,desired
morte,dead
ira,will go
faisait,did
bizarre,weird
oublié,forget
arrêtez,Stop
ferai,will do
serais,would be
tôt,early
inquiète,worry
payer,pay
coeur,heart
dès,of the
pouvais,could
reviens,come back
chien,dog
suffit,enough
prenez,take
pensez,Think
café,coffee
calme,calme
cherche,look for
montrer,to show
parles,talk
photo,photo
ferme,farm
problèmes,problems
the,tea
cœur,heart
sûrement,certainly
verre,glass
aimes,likes
devons,owe
veulent,want
doute,doubt
musique,music
courant,fluent
sauf,except
moyen,AVERAGE
nouvelles,news
puis-je,can I
avis,notice
sauver,save
hôpital,hospital
questions,issues
meurtre,murder
sérieux,serious
seconde,second
trucs,stuff
comprendre,to understand
allais,alla
esprit,mind
cool,cool
mlle,Miss
marché,market
fous,crazy
laisse-moi,leave me
haut,high
salle,room
malade,sick
changé,exchange
gentil,kind
allé,go
six,six
simple,simple
john,john
semaines,weeks
celle,that
jack,jack
appris,learned
seigneur,lord
dîner,dinner
sors,go outside
commencé,begin
suppose,Assumed
chemin,path
partout,everywhere
bras,arm
cul,ass
prochaine,next
visage,face
h,h
meilleure,best
face,face
soirée,evening
roi,king
surtout,Above all
retard,delay
écrit,writing
livre,book
rapport,report
chéri,Dear
message,message
voulez-vous,Do you want
vaut,worth
ferais,would do
morts,dead
boire,drink
soyez,be
président,president
plait,beating
bois,drink
sinon,Otherwise
erreur,error
new,new
ecoute,listen
mr,MR
rentre,go home
rendez-vous,appointment
devait,was to
revenir,to come back
joue,cheek
pauvre,poor
devenir,become
s,s
rencontrer,meet
sort,spell
commencer,begin
pouvait,could
occupe,busy
entends,hear
souvent,often
pièce,piece
reçu,received
grave,severe
mets,put
intérieur,interior
honneur,honor
dormir,sleep
an,year
faux,fake
messieurs,gentlemen
groupe,band
rêve,dream
carte,map 
aviez,had
appel,call
manque,lack
envoyé,sent
début,beginning
sam,sat
puisse,may
écoutez,Listen
laissez-moi,leave me
bonsoir,Good evening
content,thrilled
secret,secret
venue,coming
cher,Dear
dis-moi,Tell me
effet,effect
voyons,let's see
sac,bag
continue,keep on going
acheter,buy
voix,voice
certains,some
occuper,to occupy
noël,Christmas
gagner,earn
grâce,grace
maître,master
prix,price
mauvaise,bad
général,general
âge,age
long,long
rue,Street
tirer,pull
apprendre,learn
cheveux,hair
noir,black
promis,promised
avaient,had
patron,boss
avocat,attorney
force,strength
accident,accident
dix,ten
probablement,probably
laissez,leave
bout,end 
ordre,order
armes,weapons
cru,believed
déteste,hated
retrouver,to regain
millions,millions
incroyable,amazing
voyage,journey
ailleurs,elsewhere
oublie,forget
ressemble,looks like
bienvenue,Welcome
disparu,gone
protéger,protect
utiliser,to use
situation,situation
petits,small
aurai,will have
veux-tu,do you want
connaissez,know
simplement,merely
scène,stage
sœur,sister
prête,ready
oncle,uncle
devriez,should
liste,list
soeur,sister
complètement,completely
dos,back
armée,army
paix,peace
battre,beat
york,york
crime,crime
anniversaire,anniversary
finir,finish
réussi,succeeded
agit,act
i,I
retourner,flip
sale,dirty
libre,free
bouge,move
contrôle,control
rappelle,remember
arrêté,stopped
hôtel,hotel
idiot,silly
okay,Okay
rencontré,encounter
restez,Stay
absolument,absolutely
mots,words
victime,victim
impression,impression
décidé,decided
sympa,nice
pars,pars
fasse,do
avion,plane
bordel,mess
habitude,habit
table,table
rouge,red
système,system
photos,Pictures
médecin,doctor
seras,will be
bateau,boat
stupide,stupid
faim,hunger
autour,around
fond,bottom
surprise,surprise
croyez,believe
devais,had to
ligne,line
porter,to carry
imagine,conceived
colère,anger
clair,clear
seront,will be
savait,knew
balle,ball
gagné,won
or,gold
hors,except
magnifique,Magnificent
risque,risk
terminé,ended
su,on
heureuse,happy
mission,assignment
jolie,pretty
parlez,speak
présent,here
sorti,got out
cadeau,gift
expliquer,explain
volé,stolen
plusieurs,several
gauche,LEFT
ferait,would do
neuf,nine
passe-t-il,he passes
ouvre,open
disais,said
dedans,inside
disent,say
pouvons,can
allez-y,Go for it
suivre,follow
pourra,may
inspecteur,inspector
réponse,answer
lumière,light
pieds,feet
pote,pal
montre,show
pied,foot
marcher,to walk
charlie,charlie
auras,aura
envoyer,send
vraie,real
espèce,species
doivent,must
allô,Hello
pareil,The same
vas-tu,Are you going
soleil,sun
camp,camp
fallait,had to
coin,corner
ignore,ignore
moitié,half
you,you
selon,according
tenir,hold
grosse,fat
vouloir,to want
michael,Michael
vieille,old
devenu,became
continuer,continue
rend,renders
sortie,exit
recherche,research
arrière,back
lire,read
doucement,gently
joli,attractive
avance,advance
exact,exact
disait,said
club,club
arrivée,arrival
tue,kill
laquelle,which
poser,lay
chaud,hot
aimé,like
david,David
fais-tu,do you do
tom,Tom
professeur,teacher
quitter,quit
loi,law
tueur,killer
donne-moi,give me
flics,cops
connaître,to know
lettre,letter
forme,form
connaît,know
conseil,advice
bar,bar
normal,normal
danger,hazard
dangereux,dangerous
folle,crazy
jure,sworn
tiré,drawn
essaye,tried
bonnes,good
offre,offer
but,aim
froid,cold
allez-vous,Are you going
prêts,loans
tranquille,calm
gamin,kid
joe,joe
classe,class
joué,cheek
poste,job
con,stupid
mike,mike
attaque,offensive
boîte,box
enquête,investigation
visite,visit
juge,judge
moi-même,myself
bord,edge
debout,upright
envoie,send
preuve,evidence
oublier,forget
bons,good
vivant,alive
ciel,sky
lu,read
touche,hit
aimer,to like
faites-vous,do yourself
télé,TV
met,put
écouter,listen
serez,will be
ll,ll
pourtant,Nevertheless
change,exchange
triste,sad
droite,LAW
gueule,mouth
tombe,fall
sentir,feel
ouvrir,open
travers,through
santé,health
dossier,case
ie,ie
jeunes,youth
frank,Frank
coucher,to sleep
cuisine,food
monte,mounted
pouvez-vous,can you
signifie,means
entrez,Come in
relation,relationship
centre,center
dame,lady
chacun,each
chanson,song
foutre,cum
voler,fly
blanc,white
george,George
certain,certain
don,Don
âme,soul
manière,manner
flic,cop
décision,decision
mange,eat
vit,lives
compagnie,company
déjeuner,lunch
différent,different
tire,drawn
ordres,orders
clé,key
vaisseau,vessel
secondes,seconds
enfer,hell
sortez,get out
vendre,sell
faisais,was doing
responsable,responsible
mecs,guys
nulle,nothing
signe,sign
lieutenant,lieutenant
aille,go
acheté,bought
étrange,odd
diable,devil
viennent,are coming
monter,to go up
là-dedans,in there
l,I
capable,able
emmener,to take
écrire,to write
honte,shame
bouche,blocked
préfère,favorite
coupable,guilty
rire,laugh
payé,paid
soin,care
milieu,environment
appartement,apartment
prochain,next
cerveau,brain
paris,Paris
m,M
blague,joke
choisi,selected
époque,era
aurez,will have
voie,way
réunion,meeting
connu,known
allée,aisle
intérêt,interest
cheval,horse
combat,fight
silence,silence
coups,strokes
existe,exist
ia,IA
retourne,return
tel,such
trou,hole
public,audience
peter,to fart
oeil,eye
pleine,full
cacher,hide
amoureux,lover
drogue,dope
commandant,commanding officer
garçons,boys
faisons,let's do
paul,Paul
n,not
tient,is holding
est-elle,is she
prise,plug
gouvernement,government
dirai,will say
client,customer
adresse,address
journal,log
contact,contact
dingue,crazy
sent,feel
récupérer,retrieve
base,base
preuves,evidence
présente,present
peau,skin
servir,serve
peuple,people
exemple,example
fiche,form
max,max
promets,promotion
lequel,which
blessé,hurt
c,vs
société,Company
tort,wrong
sept,seven
pourriez,could
savent,know
ouvert,open
héros,hero
menti,lies
mer,sea
contente,satisfied
quitté,quits
jeter,discard
sauvé,Safe
bière,beer
assis,sat
robe,dress
ecoutez,Listen
devient,become
félicitations,Congratulation
opération,operation
prévu,foreseen
fut,was
tenez,hold
livres,books
répondre,respond
seuls,only
pute,whore
entrée,entrance
vol,flight
horrible,horrible
vin,wine
dommage,Shame
dites-moi,tell me
auriez,would have
colonel,colonel
ramener,to bring back
règles,rules
nez,nose
justice,justice
fbi,FBI
découvert,discovered
départ,departure
bruit,noise
secours,rescue
vérifier,check
enceinte,pregnant
mise,putting
témoin,witness
dirais,would say
directeur,director
intéressant,interesting
excuse,excuse
environ,approximately
t,t
inutile,useless
terrible,terrible
danse,dance
position,position
humain,human
apparemment,apparently
avenir,coming
rêves,dreams
œil,eye
bête,beast
sérieusement,seriously
bravo,cheer
approche,approach
nourriture,food
fric,money
plupart,mostly
lycée,high school
tas,pile
empêcher,to prevent
longue,long
sexe,sex
niveau,level
banque,bank
éviter,avoid
étions,were
lune,moon
pitié,pity
liberté,freedom
expérience,experience
procès,trial
radio,radio
hum,hum
verra,will see
thé,tea
partez,set off
utilisé,used
mur,ripe
pose,laid
revenu,income
deuxième,second
bande,strip
asseyez-vous,sit down
certaines,some
ridicule,ridiculous
nord,north
appelez,call
copine,friend
baiser,kiss
anglais,English
henry,Henry
toilettes,bathroom
portes,doors
faudra,will have to
occupé,busy
grands,tidy
and,and
dérange,disturbs
rôle,role
censé,supposed
savez-vous,Do you know
james,james
reine,queen
croit,believes
cour,court
église,church
vide,empty
obtenir,get
conneries,bullshit
ennuis,troubles
personnel,staff
conduire,conduct
tombé,fall
sol,floor
code,coded
huit,eight
avions,planes
espoir,hope
comprenez,understand
spécial,special
vidéo,video
vêtements,clothes
défense,defense
alex,Alex
sud,south
grand-mère,Grandmother
match,match
bombe,bomb
intéresse,interested
zone,area
tante,aunt
paraît,appears
excuser,excuse
magasin,store
marier,marry
chère,dear
aie,Ouch
souvenir,memory
proche,close
revient,come back
danny,Danny
douleur,pain
arrivera,to arrive at
presse,press
merveilleux,marvellous
asseoir,Sit
ravi,delighted
aimais,loved
h.,h.
amérique,America
fenêtre,window
mien,mine
terrain,ground
sergent,sergeant
peux-tu,can you
projet,project
quartier,neighborhood
planète,planet
certainement,certainly
rapide,fast
lorsque,when
assurer,ensure
rendu,rendering
mignon,cute
tourne,turned
danser,to dance
bob,bob
clients,clients
petites,small
aimez,like
présenter,to present
importance,importance
venus,Venus
jimmy,jimmy
sache,beam
mérite,deserved
machine,machine
derniers,last
programme,program
mesdames,ladies
meilleurs,best
honnête,honest
essayez,try
irai,go
connard,asshole
occasion,occasion
prouver,prove
travaillé,work
glace,ice
ayez,have
parie,bett
camion,truck
fier,proud
discuter,discuss
village,village
spectacle,show
d,d
nul,no
rose,pink
touché,hit
mangé,eat
vis,screw
parole,speech
rencontre,encounter
apprécie,appreciate
jane,jane
réalité,reality
savons,soaps
respect,respect
remettre,to put back
vacances,vacation
détruire,destroy
choisir,choose
ha,Ha
découvrir,discover
idées,ideas
officier,officer
frères,brothers
sert,serve
bill,bill
solution,solution
informations,information
attendais,expected
monstre,freak
sexy,sexy
ordinateur,computer
retrouvé,found
nature,nature
rappeler,recall
énergie,energy
pierre,rock 
utilise,used
pression,pressure
chaussures,shoes
faite,done 
histoires,stories
sarah,sarah
marié,married
espace,space
soient,be
nick,nick
portable,portable
préparer,prepare
nécessaire,necessary
court,short
offrir,to offer
will,will
ai-je,have I got
tony,tony
envers,towards
bain,bath
charge,charge
mary,mary
harry,harry
jim,jim
ennemi,enemy
arrivent,arrive
immédiatement,immediately
finalement,Ultimately
énorme,enormous
grand-père,grandfather
test,test
gagne,won
réfléchir,to reflect on
victimes,victims
chanter,sing
futur,future
lâche,cowardly
mademoiselle,miss 
copain,boyfriend
enlever,to remove
pensez-vous,Do you think
retrouve,found
épouser,marry
fleurs,flowers
salope,slut
aies,aies
gosse,kid
arranger,arrange
riche,rich
faits,facts
ancien,ancient
stop,stop
accepter,accept
restes,remains
nouveaux,new
sauter,skip
suspect,suspicious
vies,lives
durant,during
invité,guest
politique,policy
dents,teeth
patient,patient
repas,meal
urgence,emergency
cartes,cards
jambes,legs
conversation,conversation
telle,such
bus,bus
to,to
tourner,turn
toucher,to touch
mémoire,memory
série,series
mariée,bride
contraire,opposite
vent,wind
taille,size 
donnez-moi,Give me
trouves,found
celui-là,that one
chat,cat
continuez,continue
contrat,CONTRACT
couteau,knife
double,double
dure,hard
carrière,career
excuse-moi,excuse me
ray,ray
regardé,look at
descendre,to come down
université,university
sentiments,feelings
papier,paper
remarqué,REMARK
noms,nouns
vécu,lived
courage,courage
beauté,beauty
bu,drank
tais-toi,shut up
après-midi,afternoon
excellent,excellent
assieds-toi,Sit down
richard,richard
propres,clean
parmi,among
forte,strong
étant,being
couple,couple
aiment,like
permis,permit
différence,difference
faudrait,should
course,race
humains,humans
dégage,clear
mille,thousand
accès,access
cible,target
joyeux,cheerful
bonheur,happiness
aimait,loved
manqué,lack
action,stock
steve,steve
aidé,aid
vouliez,wanted
trouvez,Find
films,movies
emmène,take
marie,married
taxi,Taxi
restaurant,restaurant
crise,crisis
piste,track
dernières,latest
puisque,since
blanche,white
coupe,cut
secrets,secrets
prince,prince
marrant,funny
raisons,reasons
refuse,denied
apporté,brought
cassé,broken
lors,during
mettez,put
dis-lui,tell him
tuée,killed
maladie,disease
mienne,mine
rentré,go home
week-end,weekend
excuses,apologize
km,km
alcool,alcohol
voudrait,would like
fil,thread
rends,renders
quitte,quits
couché,layer
disons,let's say
totalement,totally
claire,clear
it,it
londres,London
remercier,thank
mêmes,same
partis,gone
pensait,thought
île,island
tommy,tommy
remercie,thanks
caméra,camera
pensent,think
suis-je,am I
pleurer,cry
régler,adjust
ouvrez,open
entier,entire
foutu,damn
types,guys
fermer,close
animaux,animals
dise,say
image,picture
étage,stage
rejoindre,join
soldats,soldiers
amuser,entertain
points,points
suivi,follow up
oubliez,forget
langue,language
direction,direction
frais,costs
veuillez,please
miss,miss
soldat,soldier
couleur,color
bouger,to move
frappé,struck
frapper,to hit
venait,came
raté,missed
évidemment,obviously
sacré,sacred
clés,keys
mentir,lie
épouse,marry
troisième,third
johnny,johnny
amy,Amy
jésus,Jesus
faible,weak
ryan,ryan
afin,in order to
bleu,blue
failli,falling
courir,run
américain,American
détails,details
pont,bridge
gay,gay
regarde-moi,look at me
jake,jake
billy,billy
attraper,catch
papiers,papers
poisson,fish
lui-même,itself
wow,wow
chiens,dogs
date,date
intention,intention
procureur,prosecutor
goût,taste
pourras,can
shérif,sheriff
sais-tu,Do you know
arrêt,stop
sourire,smile
lait,milk
chasse,chase
signal,signal
parlait,was talking
destin,fate
marre,fed up
français,French
princesse,princess
paie,pay
foi,faith
chier,take a dump
dois-je,should I
présence,presence
doigts,fingers
partenaire,partner
quelles,what
daniel,Daniel
préféré,favorite
adieu,farewell
costume,suit
entreprise,business
utile,useful
calme-toi,calm down
lien,link
unique,unique
appartient,belongs
attendant,waiting
amené,bring
moindre,lesser
quels,what
amener,to bring
amène,bring
enfoiré,Motherfucker
recherches,research
discours,speech
données,data
robert,Robert
art,art
appelles,calls
salaud,bastard
penses-tu,do you think
magie,magic
bouteille,bottle
justement,exactly
raconter,to tell about
rapidement,quickly
bref,Short
tribunal,court
viendra,will come
passée,past
superbe,stunning
pourrai,could
pièces,pieces
certaine,certain
obligé,obligatory
formidable,tremendous
pause,break
identité,identify
campagne,campaign
lee,lee
auraient,would have
couper,cut
mark,mark
morceau,piece
os,bone
lettres,letters
nombre,number
intelligent,clever
gâteau,cake
dépend,depends
job,job
jeux,games
compter,count
cou,neck
of,of
reprendre,to resume
joie,joy
agents,agents
gardes,guards
star,star
regard,glance
demandez,Ask
balles,bullets
vendu,sold
majesté,majesty
menace,threat
malgré,despite
appareil,device
demandais,asked
là-haut,up there
privé,private
adam,Adam
forces,strengths
fonctionne,works
méchant,bad
jambe,leg
empreintes,fingerprints
ange,angel
agir,to act
noire,black
imbécile,imbecile
gentille,kind
labo,lab
résultats,results
toi-même,yourself
cinéma,movie theater
nouvel,new
malheureusement,Unfortunately
décider,decide
né,born
importante,important
voulons,want to
détruit,destroy
parfaitement,perfectly
martin,Martin
produit,product
réparer,fix
chapeau,hat
gérer,manage
écoute-moi,listen to me
adn,DNA
échange,exchange
mince,thin
bougez,move
parfaite,perfect
meurt,dies
fout,cum
vitesse,speed
fermé,farm
succès,hit
au-dessus,above
etre,be
souvenirs,memories
comprend,understand
odeur,smell
pain,bread
falloir,to need
aise,easy
caché,hidden
règle,rule
imaginer,imagine
raconte,recount
vus,sewing
accepté,accepted
trouvée,found
dors,sleep
celui-ci,this one
ministre,minister
infos,info
vendredi,Friday
voitures,cars
lever,lift
arbre,TREE
maire,mayor
faveur,favor
pourraient,could
prendra,will take
surpris,surprised
jeté,thrown
également,also
fac,college
apporter,bring
washington,Washington
champ,field
peut-on,can we
comptes,accounts
échapper,escape
valeur,value
in,in
réel,real
couverture,blanket
million,million
article,article
doux,soft
parc,park
toit,roof
unité,unit
resté,stay
plage,beach
partager,share
malin,clever
recevoir,receive
inquiétez,worry
attendu,expected
charles,Charles
coffre,chest
uh,UH
eddie,Eddie
chris,Chris
celle-là,that one
ramène,brings back
mode,fashion
folie,madness
extérieur,outside
van,van
membre,member
prévenir,prevent
cache,hidden
inquiéter,worry
hasard,chance
concerne,concerned
réponds,answer
génie,genius
j,J
parlais,gauge
parlons,let's talk
jardin,garden
saison,season
montré,show
frappe,struck
enchanté,delighted
gosses,kids
abandonner,give up
assure,assured
apporte,brought
prépare,prepared
mètres,meters
suivant,following
souhaite,wish
services,services
ouest,west
va-t',go t '
poids,weight
poche,poached
faisant,doing
répondu,answered
directement,directly
source,source
france,France
créer,create
samedi,SATURDAY
aidez-moi,help me
univers,universe
saura,will know
réalisé,accomplished
américains,American
perds,losers
membres,members
viande,meat
o',o '
bobby,bobby
sont-ils,are they
crois-moi,believe me
amoureuse,in love
grandes,large
changement,change
compliqué,complicated
bal,ball
page,page
conduit,conduit
passage,passage
piège,trap
kevin,kevin
ressens,feeling
accepte,accepted
grace,grace
fais-le,do it
amusant,amusing
dan,dan
donnez,give
traces,traces
trésor,treasure
explique,explain
fesses,buttocks
perte,loss
fantôme,ghost
naissance,birth
retraite,retirement
regardes,look
franchement,Frankly
côtés,sides
larry,Larry
étranger,foreign
poulet,chicken
vienne,Vienna
débarrasser,rid
enlève,remove
marque,brand
mens,mens
fantastique,fantastic
cent,hundred
beaux,beautiful
entendez,hear
ouverte,opened
bâtiment,building
a-t-elle,has she
devrions,should
embrasser,embrace
tombée,fall
manquer,miss
entré,between
san,San
chevaux,horses
habite,reside
animal,animal
fatigué,fatigue
heureusement,Fortunately
billets,tickets
convaincre,convince
appelait,called
rachel,Rachel
paradis,heaven
émission,issue
lance,spear
nettoyer,to clean
file,line
dimanche,Sunday
agréable,pleasant
plans,plans
conscience,awareness
ennemis,enemies
disant,saying
connaissance,awareness
douce,gentle
belles,beautiful
sentiment,feeling
bataille,battle
perd,lose
pourrez,can
relations,relations
espérais,hoped
fais-moi,Make me
vôtre,your
servi,served
souci,worry
note,note
doigt,finger
mensonge,lie
volonté,will
walter,Walter
victoire,victoire
direct,direct
abandonné,abandoned
information,information
joindre,join
proches,relatives
brian,brian
droits,rights
eric,Eric
nerveux,nervous
coupé,cut
patients,patients
invités,guests
arrivés,arrived
descends,go down
pleure,cry
traitement,treatment
jerry,jerry
senti,felt
cancer,cancer
répète,say again
reposer,to rest
regrette,regret
aide-moi,help me
flingue,gun
cousin,cousin
désormais,From now on
vérifié,checked
crains,fearful
douche,shower
gaz,gas
interdit,forbidden
théorie,theory
scott,scott
trace,trace
contrôler,control
signer,sign
no,no
demandes,requests
internet,Internet
andy,Andy
cherchez,look
salon,living room
pete,pete
serons,will be
appels,calls
lancer,throw
protection,protection
pantalon,pants
rappelles,recall
dossiers,files
style,style
ravie,stunned
semblant,semblance
yeah,Yeah
kim,kim
offert,Free
vieil,old
humaine,human
grandi,grown up
médicaments,medications
acte,deed
moyens,means
lois,laws
kate,kate
meurs,die
laisserai,will leave
aéroport,airport
mauvaises,bad
détective,detective
autrement,otherwise
témoins,witnesses
queue,tail
coincé,stuck
mariés,married
sonne,sound
innocent,innocent
dira,will say
créé,created
jason,jason
supporter,support
milliers,thousands
heu,uu
infirmière,nurse
métier,job
crétin,dumbass
retirer,to withdraw
surveillance,surveillance
chances,odds
oreilles,ears
trouvera,will find
suicide,suicide
militaire,military
atteindre,reach
fuir,flee
casse,broken
dormi,sleep
pilote,pilot
rires,laughter
appelée,called
risques,risks
leçon,lesson
paquet,pack
man,man
défendre,defend
immeuble,building
récemment,recently
chinois,Chinese
battu,beaten
aveugle,blind
oiseau,bird
qu,that
propriétaire,owner
ancienne,Ancient
veste,jacket
anna,Anna
simon,Simon
saviez,knew
amies,friends
cherché,look for
tirez,PULL
al,Al
différents,different
gardez,Keep
feras,do
lisa,lisa
lis,read
station,station
mandat,mandate
assassin,assassin
thomas,Thomas
célèbre,famous
dort,sleep
bague,ring
dépêche-toi,hurry up
tente,tent
devenue,become
ventre,belly
carter,housing
respire,breath
haute,high
connaissais,knew
genoux,knees
terme,term
vert,Green
emily,Emily
refusé,denied
hâte,haste
réveiller,wake
commande,order
commun,commmon
souris,mouse
partons,Let's start
perdue,lost
dirige,directed
verras,will see
charmant,charming
chante,sung
sport,sport
celle-ci,this one
viré,fired
ies,ies
fiston,son
étoiles,stars
laisses,leave
parlant,speaking
là-dessus,on this
signé,sign
virer,fire
permettre,allow
pouvoirs,powers
luke,luke
pluie,rain
passez,pass
vrais,real
enlevé,removed
moments,moments
blesser,hurt
ombre,shadow
rome,Rome
épisode,episode
talent,talent
chocolat,chocolate
assurance,assurance
angleterre,England
couche,layer
site,site
neige,snow
gardé,guard
chemise,shirt
ted,ted
voulaient,wanted
emploi,job
précédemment,previously
surveiller,to watch
privée,private
entière,whole
saint,Holy
parlent,talk
réfléchi,thoughtful
my,my
attendent,wait
jette,throw
facilement,easily
joues,play
jury,jury
passera,will pass
voleur,thief
véritable,true
entend,hears
chaise,chair
accusé,accused
zéro,zero
clairement,clearly
mouvement,movement
celles,those
sommeil,sleep
blancs,whites
survivre,survive
semblait,seemed
o,o
craint,fear
traduction,translation
notes,notes
repos,rest
siège,seat
policier,police officer
allés,alleys
puissance,power
familles,families
second,second
cellule,cell
engagé,engaged
adorable,adorable
matt,matt
spéciale,special
violence,violence
ours,bear
gorge,throat
examen,review
dieux,gods
major,major
obtenu,got
évident,obvious
distance,distance
titre,title
lundi,Monday
choc,shock
différentes,different
théâtre,theater
exploser,explode
â,To
rivière,river
paye,paid
allo,Hello
revenez,come back
écoutes,listen
logique,logic
alice,Alice
miracle,miracle
lève,survey
montagne,mountain
essayais,tried
pauvres,poor
tenu,tenuous
chicago,Chicago
auprès,with
lèvres,lips
plat,flat
lunettes,eyeglasses
journaux,newspapers
attaquer,tackle
mine,mine
pistolet,gun
divorce,divorce
noirs,black
meurtres,murders
premiers,first
forêt,forest
respirer,breathe
fortune,fortune
réponses,responses
devraient,should
explosion,blast
reviendra,will come back
mène,led
doc,doc
maria,Maria
responsabilité,responsibility
annie,Annie
erreurs,errors
principal,major
épée,sword
tienne,yours
travaillait,was working
tableau,painting 
cabinet,cabinet
normale,normal
alerte,alert
meurtrier,murderer
whoa,whoa
libérer,release
commis,clerk
sérieuse,serious
carl,carl
sous-titrage,subtitles
rock,rock
vision,vision
réveillé,wake up
auront,will have
mesure,measure
arthur,arthur
kyle,kyle
ed,ED
louis,Louis
1er,1st
secrétaire,secretary
dave,dave
images,images
fuite,leak
amitié,friendship
annonce,announcement
pousser,push
william,William
idiote,idiot
nombreux,many
brisé,broken
raconté,recount
cardiaque,heart
minuit,midnight
humeur,mood
physique,physical
prof,teacher
lieux,places
los,the bone
seins,tits
crier,shout
top,top
go,go
permission,permission
romantique,romantic
lac,lake
vente,sale
vache,cow
suit,follows
clark,Clark
courses,shopping
casser,to break
études,studies
modèle,model
susan,Susan
version,version
jeff,Jeff
pensées,thoughts
prudent,careful
plaisante,pleasant
emmené,taken
réfléchis,reflected
concert,concert
blessure,injury
tir,shot
chauffeur,driver
midi,noon
souvenez,remember
puissant,powerful
moteur,engine
répond,respond
hmm,Hmm
city,City
coûte,cost
reculez,go back
dessous,underneath
souffle,breath
construire,build
démon,demon
achète,bought
smith,smith
caméras,cameras
pousse,growth
cesse,stop
gare,station
rentrée,back to school
finit,finished
bosse,bump
kelly,kelly
fer,iron
couilles,balls
quiconque,anyone
vole,stolen
ignorais,ignorant
soutien,support
usine,factory
château,castle
lâche-moi,Let go of me
ont-ils,do they have
garage,garage
délicieux,delicious
oreille,ear
virus,virus
réellement,really
posé,laid
avancer,to advance
maisons,houses
voisins,neighbors
dites-lui,tell him
deviens,become
sage,wise
crédit,credit
ambulance,ambulance
gamins,kids
fière,proud
tourné,turned
puce,chip
finie,finish
canon,cannon
liquide,liquid
devine,guess
particulier,particular
prennent,takes
traverser,to cross
rues,streets
park,park
criminel,criminal
cependant,However
sombre,dark
agence,agency
comportement,behavior
artiste,artist
bosser,work
gouverneur,governor
paroles,words
résoudre,solve
chut,hush
période,period
bat,bat
seraient,would be
bébés,babies
cherches,looking for
e,e
croyez-moi,believe me
donnes,data
préparé,prepared
soucis,worry
traiter,to treat
street,street
différente,different
reconnais,recognize
bye,bye
pourriez-vous,could you
fromage,cheese
essence,essence
ayant,having
côte,coast
tenté,tent
chaleur,heat
tests,tests
champagne,Champagne
objet,object
ouai,yeah
disparaître,disappear
oiseaux,birds
re,D
europe,Europe
supposé,Assumed
supplie,beg
tournée,tour
résultat,result
roger,Roger
concernant,re
vérifie,checked
souffrir,suffer
occupée,busy
fusil,gun
gardien,guardian
déranger,bother
verrai,will see
fatiguée,tired
vote,vote
dégagez,release
anciens,ancient
voila,There
tués,You are
forcément,necessarily
cadeaux,gifts
herbe,grass
b,B
menteur,liar
vivante,alive
riches,rich
vive,long -lived
sacrée,sacred
taylor,Taylor
adulte,adult
siècle,century
attente,waiting
endroits,locations
écris,wrote
rapports,reports
piscine,pool
rentrez,come back
lendemain,the following day
fumer,to smoke
concours,competition
ment,is lying
monté,mounted
passait,passed
vous-même,yourself
inviter,invite
coach,coach
fausse,fake
élevé,pupil
chair,flesh
magique,Magic
chaîne,chain
chèque,check
réseau,network
enfance,childhood
mensonges,lies
pourrions,could
choisis,choose
taire,to hush up
inquiet,worried
enfuir,escape
bel,beautiful
profiter,to profit from
science,science
revenue,revenue
billet,ticket
crâne,skull
jaloux,jealous
tien,yours
arrestation,arrest
laver,wash
nuits,nights
caisse,box
scientifique,scientist
russe,Russian
cris,cries
traité,treaty
attaqué,offensive
écoutez-moi,listen to me
montez,go up
sean,sean
promesse,promise
sénateur,senator
blessures,wounds
sucre,sugar
murs,walls
attrape,caught
représente,represented
emma,Emma
esprits,spirits
cloche,Bell
phil,phil
cia,CIA
réputation,reputation
étudier,to study
trompe,deceived
chute,fall
jackson,jackson
demi,half
devra,will have to
plainte,complaint
grand-chose,great
tim,Tim
joey,Joey
sorcière,witch
venant,from
alan,alan
californie,California
tenue,outfit
journaliste,journalist
soyons,let's be
chouette,owl
karen,karen
aurons,will have
avocats,lawyers
cherchais,sought
angeles,Angeles
surveille,watched
département,department
abandonne,abandoned
prendrai,will take
peinture,paint
refaire,redo
honnêtement,honestly
opinion,opinion
geste,gesture
étais-tu,were you
gaffe,blunder
empire,empire
aient,have
pizza,pizza
seriez,would be
fan,fan
poitrine,chest
y',y '
jenny,Jenny
lorsqu',when
médecins,doctors
remonte,traced back
aventure,adventure
réglé,rule
mac,mac
abby,Abby
barre,rod
foyer,foyer
jean,Jeans
amuse,amused
mener,carry out
uniforme,uniform
cauchemar,nightmare
soupe,soup
intelligente,intelligent
jus,juice
prêtre,priest
lily,lily
trompé,deceived
chuck,chuck
corde,rope
champion,champion
somme,sum
conférence,conference
commissaire,commissioner
répondez,answer
attrapé,caught
red,red
racontes,tells
deviner,guess
recommencer,restart
dis-tu,you say
complet,complete
crimes,crimes
maggie,Maggie
crème,cream
construit,built
excusez,Excuse
entraînement,coaching
centaines,hundreds
calmer,calm
joueur,player
couloir,corridor
horreur,horror
propriété,property
admettre,admit
matériel,material
verrez,will see
foule,crowd
st,st
réaction,reaction
ennuie,bored
laura,laura
pub,pub
hiver,winter
manteau,coat
pis,worse
débile,stupid
trouverai,will find
conseiller,advise
humanité,humanity
studio,studio
josh,josh
lapin,rabbit
désert,desert
combattre,combat
big,big
julie,julie
boutique,shop
fonds,funds
voient,see
états-unis,UNITED STATES
reviendrai,will come back
ramené,brings back
discussion,discussion
connaissait,knew
vegas,vegas
sir,sir
fiancée,fiancee
remonter,go back up
incendie,fire
arbres,trees
conseils,advice
géniale,brilliant
messages,messages
ex,ex
surface,surface
appellent,call
atteint,hit
recommence,start again
curieux,curious
lucy,Lucy
ascenseur,elevator
mars,March
apprend,learn
abri,shelter
larmes,tears
dites-vous,you say
impliqué,implied
répéter,repeat
pardonner,forgive
donnerai,will give
soi,self
marine,Marine
cadavre,corpse
o.k.,OK.
front,forehead
uniquement,uniquely
traîner,hang out
rare,rare
permet,allow
stan,stan
parking,car park
morceaux,parts
réussir,succeed
morgan,Morgan
empêche,stop
traversé,crossed
américaine,American
hank,hank
décide,decided
doué,gifted
gloire,glory
gang,gang
communauté,community
plaisantes,pleasant
déclaration,statement
jones,jones
portait,wore
croient,believe
projets,projects
frontière,border
saute,jumped up
hais,haz
laissée,left
suivez-moi,follow me
prénom,first name
tenter,to attempt
liaison,connection
cérémonie,ceremony
fasses,do
vivent,live
ho,ho
océan,ocean
vélo,bike
aimerait,would like
réaliser,realize
poupée,doll
navire,ship
saches,know
parties,parts
patrick,patrick
remplacer,replace
prisonnier,prisoner
ménage,household
porté,door
employés,employees
dépêchez-vous,hurry up
bouton,button
acteur,actor
show,show
julia,julia
mardi,Tuesday
juré,sworn
barry,Barry
médecine,medicine
restera,will stay
lourd,heavy
chargé,charge
au-delà,beyond
survécu,survived
bite,cock
soudain,suddenly
voyais,saw
travailles,work
prévenu,warned
regardez-moi,look at me
baisse,decrease
filer,spin
rompu,broken
véhicule,vehicle
sauve,Safe
rencontrés,met
emmerde,foul
estomac,stomach
donna,donna
couvrir,cover
meilleures,best
rater,to fail
terminée,finished
fred,fred
tâche,stain
réserve,reserve
brûler,burn
chou,cabbage
réveille,wake up
sentez,feel
ferme-la,shut up
réveille-toi,wake up
etait,was
origine,origin
rêvé,dream
gary,gary
pouviez,could
poursuivre,pursue
actions,actions
tapis,carpet
absence,absence
lâcher,let go
tempête,storm
um,UM
souffre,suffer
touchez,touch
cents,cents
rempli,completed
écran,screen
dis-le,say it
victor,Victor
affreux,awful
enterrement,interment
inconnu,unknown
venger,revenge
team,team
feriez,would do
sara,sara
inventé,invented
installer,install
ya,ya
va-t-il,he's going
rythme,pace
étudiants,students
pratique,convenient
whisky,whiskey
calmez-vous,calm down
travaillez,Work
ballon,ball 
équipage,crew
signes,signs
élèves,students
faites-le,do it
parlera,talk to
attirer,attract
récompense,reward
reconnu,recognized
irait,would go
loup,wolf
traite,treaty
lâchez-moi,Let me go
ca.,That.
vengeance,revenge
imaginez,Imagine
navré,heartbroken
feront,will do
finis,finish
propose,propose
forcé,strength
lutte,struggle
opportunité,opportunity
personnage,character
2e,2nd
boss,boss
arrêtes,stops
convaincu,convinced
allons-nous,Let's go
accompagner,to accompany
essayons,let's try
limite,limit
panique,panic
technologie,technology
brillant,bright
king,King
afrique,Africa
nourrir,to feed
région,region
nathan,Nathan
passent,pass
salaire,salary
veille,day before
appelle-moi,call me
ceinture,belt
explication,explanation
chansons,songs
profond,deep
professionnel,professional
possède,possesses
étonnant,amazing
venais,came
casier,locker
jouez,play
roman,novel
sandwich,sandwich
arrives,arrival
nana,girl
nommé,appointed
incident,incident
retournez,return
sophie,sophie
potes,friends
comité,committee
chine,China
technique,technical
haine,hate
identifier,identify
célibataire,Single
jackie,jackie
annoncer,announce
portée,scope
fleur,flower
roule,rolled
palais,palace
tromper,deceive
lady,lady
attendait,was waiting
jeudi,THURSDAY
abruti,jerk
disiez,say
normalement,Normally
circonstances,circumstances
appelez-moi,call me
canapé,couch
sommes-nous,are we
protège,protected
est-à-dire,that is to say
affronter,confront
connait,know
élève,pupil
pêche,fishing
masque,mask
couvert,covered
extraordinaire,extraordinary
malheur,misfortune
sentais,Smelt
royaume,kingdom
porc,pork
envoyez,send
brûle,burn
entretien,interview
vingt,twenty
objets,objects
gêne,embarrassed
bloc,block
aidera,will help
final,final
conduis,driven
excellente,excellent
brûlé,burnt
amanda,Amanda
business,business
sauté,jumped up
trouvent,find
ferez,will be
alarme,alarm
laisse-le,leave him
rencard,date
concentrer,focus
étoile,star
engager,engage
singe,monkey
colle,glue
ooh,ooh
assistant,assistant
fallu,owed
mm,mm
central,central
prisonniers,prisoners
naturel,natural
essayait,was trying
pardonnez-moi,excuse me
étape,stage
cage,cage
davantage,any further
alliance,alliance
collègues,colleagues
collier,necklace
rayon,Ray
correct,correct
jesse,Jesse
gâcher,spoil
quant,as to
assassiné,murdered
placard,closet
soif,thirsty
conditions,terms
min,min
remis,discarded
russes,Russian
miel,Honey
personnellement,personally
entièrement,entirely
howard,Howard
impressionnant,impressive
passes,passes
créature,creature
black,black
lancé,spear
kilomètres,kilometers
sers,serve
échappé,escaped
parte,part
prouve,prove
associé,associated
monnaie,cash
dean,dean
moque,mocking
voisin,neighbor
clinique,clinical
tape,tape
têtes,heads
lentement,slowly
classique,classic
temple,temple
steven,Steven
produits,products
passion,passion
prenne,take
échoué,failed
écouté,listen
existence,existence
correspond,correspond
analyse,analysis
retire,took of
mystère,mystery
maîtresse,mistress
port,port
tension,tension
qualité,quality
nationale,national
respecte,respect
vierge,virgin
piano,piano
secteur,sector
espérons,hope
devoirs,homework
pot,jar
contacter,contact
secrète,secret
dispute,dispute
cigarette,cigarette
manques,gaps
bouffe,food
jugement,judgement
idiots,idiots
courageux,brave
limites,boundaries
bibliothèque,library
désir,desire
condition,condition
sales,dirty
courrier,mail
volant,flying
merveilleuse,marvelous
fumée,smoke
chanceux,lucky
expert,expert
anne,Anne
rick,rick
lève-toi,get up
tasse,cup
poussé,pushed
étrangers,foreigners
censée,supposed
permettez,Allow
hall,lobby
approcher,approach
that,that